{
  "__type__": "cc.SpriteFrame",
  "content": {
    "name": "RunWithGun_004",
    "atlas": "",
    "rect": {
      "x": 200,
      "y": 60,
      "width": 325,
      "height": 510
    },
    "offset": {
      "x": 62.5,
      "y": -15
    },
    "originalSize": {
      "width": 600,
      "height": 600
    },
    "rotated": false,
    "capInsets": [
      0,
      0,
      0,
      0
    ],
    "vertices": {
      "rawPosition": [
        -162.5,
        -255,
        0,
        162.5,
        -255,
        0,
        -162.5,
        255,
        0,
        162.5,
        255,
        0
      ],
      "indexes": [
        0,
        1,
        2,
        2,
        1,
        3
      ],
      "uv": [
        200,
        540,
        525,
        540,
        200,
        30,
        525,
        30
      ],
      "nuv": [
        0.3333333333333333,
        0.05,
        0.875,
        0.05,
        0.3333333333333333,
        0.9,
        0.875,
        0.9
      ],
      "minPos": {
        "x": -162.5,
        "y": -255,
        "z": 0
      },
      "maxPos": {
        "x": 162.5,
        "y": 255,
        "z": 0
      }
    },
    "texture": "14ed5b8c-0f02-481c-a6c9-0dfa7e1b4ee0@6c48a",
    "packable": true,
    "pixelsToUnit": 100,
    "pivot": {
      "x": 0.5,
      "y": 0.5
    },
    "meshType": 0
  }
}