{
  "__type__": "cc.SpriteFrame",
  "content": {
    "name": "Shot_003",
    "atlas": "",
    "rect": {
      "x": 170,
      "y": 67,
      "width": 304,
      "height": 502
    },
    "offset": {
      "x": 22,
      "y": -18
    },
    "originalSize": {
      "width": 600,
      "height": 600
    },
    "rotated": false,
    "capInsets": [
      0,
      0,
      0,
      0
    ],
    "vertices": {
      "rawPosition": [
        -152,
        -251,
        0,
        152,
        -251,
        0,
        -152,
        251,
        0,
        152,
        251,
        0
      ],
      "indexes": [
        0,
        1,
        2,
        2,
        1,
        3
      ],
      "uv": [
        170,
        533,
        474,
        533,
        170,
        31,
        474,
        31
      ],
      "nuv": [
        0.2833333333333333,
        0.051666666666666666,
        0.79,
        0.051666666666666666,
        0.2833333333333333,
        0.8883333333333333,
        0.79,
        0.8883333333333333
      ],
      "minPos": {
        "x": -152,
        "y": -251,
        "z": 0
      },
      "maxPos": {
        "x": 152,
        "y": 251,
        "z": 0
      }
    },
    "texture": "c31e25d9-1fef-4541-8202-32557c7449d8@6c48a",
    "packable": true,
    "pixelsToUnit": 100,
    "pivot": {
      "x": 0.5,
      "y": 0.5
    },
    "meshType": 0
  }
}