{
  "__type__": "cc.SpriteFrame",
  "content": {
    "name": "Idle_007",
    "atlas": "",
    "rect": {
      "x": 157,
      "y": 59,
      "width": 275,
      "height": 510
    },
    "offset": {
      "x": -5.5,
      "y": -14
    },
    "originalSize": {
      "width": 600,
      "height": 600
    },
    "rotated": false,
    "capInsets": [
      0,
      0,
      0,
      0
    ],
    "vertices": {
      "rawPosition": [
        -137.5,
        -255,
        0,
        137.5,
        -255,
        0,
        -137.5,
        255,
        0,
        137.5,
        255,
        0
      ],
      "indexes": [
        0,
        1,
        2,
        2,
        1,
        3
      ],
      "uv": [
        157,
        541,
        432,
        541,
        157,
        31,
        432,
        31
      ],
      "nuv": [
        0.26166666666666666,
        0.051666666666666666,
        0.72,
        0.051666666666666666,
        0.26166666666666666,
        0.9016666666666666,
        0.72,
        0.9016666666666666
      ],
      "minPos": {
        "x": -137.5,
        "y": -255,
        "z": 0
      },
      "maxPos": {
        "x": 137.5,
        "y": 255,
        "z": 0
      }
    },
    "texture": "5a247d7b-fd90-45d3-9d27-9435449e0521@6c48a",
    "packable": true,
    "pixelsToUnit": 100,
    "pivot": {
      "x": 0.5,
      "y": 0.5
    },
    "meshType": 0
  }
}