{
  "__type__": "cc.SpriteFrame",
  "content": {
    "name": "Idle_010",
    "atlas": "",
    "rect": {
      "x": 157,
      "y": 64,
      "width": 270,
      "height": 505
    },
    "offset": {
      "x": -8,
      "y": -16.5
    },
    "originalSize": {
      "width": 600,
      "height": 600
    },
    "rotated": false,
    "capInsets": [
      0,
      0,
      0,
      0
    ],
    "vertices": {
      "rawPosition": [
        -135,
        -252.5,
        0,
        135,
        -252.5,
        0,
        -135,
        252.5,
        0,
        135,
        252.5,
        0
      ],
      "indexes": [
        0,
        1,
        2,
        2,
        1,
        3
      ],
      "uv": [
        157,
        536,
        427,
        536,
        157,
        31,
        427,
        31
      ],
      "nuv": [
        0.26166666666666666,
        0.051666666666666666,
        0.7116666666666667,
        0.051666666666666666,
        0.26166666666666666,
        0.8933333333333333,
        0.7116666666666667,
        0.8933333333333333
      ],
      "minPos": {
        "x": -135,
        "y": -252.5,
        "z": 0
      },
      "maxPos": {
        "x": 135,
        "y": 252.5,
        "z": 0
      }
    },
    "texture": "ce60b389-b4fe-4ec5-826e-7083814ab6cf@6c48a",
    "packable": true,
    "pixelsToUnit": 100,
    "pivot": {
      "x": 0.5,
      "y": 0.5
    },
    "meshType": 0
  }
}