{
  "__type__": "cc.SpriteFrame",
  "content": {
    "name": "Idle_006",
    "atlas": "",
    "rect": {
      "x": 157,
      "y": 57,
      "width": 276,
      "height": 511
    },
    "offset": {
      "x": -5,
      "y": -12.5
    },
    "originalSize": {
      "width": 600,
      "height": 600
    },
    "rotated": false,
    "capInsets": [
      0,
      0,
      0,
      0
    ],
    "vertices": {
      "rawPosition": [
        -138,
        -255.5,
        0,
        138,
        -255.5,
        0,
        -138,
        255.5,
        0,
        138,
        255.5,
        0
      ],
      "indexes": [
        0,
        1,
        2,
        2,
        1,
        3
      ],
      "uv": [
        157,
        543,
        433,
        543,
        157,
        32,
        433,
        32
      ],
      "nuv": [
        0.26166666666666666,
        0.05333333333333334,
        0.7216666666666667,
        0.05333333333333334,
        0.26166666666666666,
        0.905,
        0.7216666666666667,
        0.905
      ],
      "minPos": {
        "x": -138,
        "y": -255.5,
        "z": 0
      },
      "maxPos": {
        "x": 138,
        "y": 255.5,
        "z": 0
      }
    },
    "texture": "436c53ad-045d-4463-984d-a315c5113590@6c48a",
    "packable": true,
    "pixelsToUnit": 100,
    "pivot": {
      "x": 0.5,
      "y": 0.5
    },
    "meshType": 0
  }
}