{
  "__type__": "cc.SpriteFrame",
  "content": {
    "name": "Idle_011",
    "atlas": "",
    "rect": {
      "x": 157,
      "y": 67,
      "width": 267,
      "height": 503
    },
    "offset": {
      "x": -9.5,
      "y": -18.5
    },
    "originalSize": {
      "width": 600,
      "height": 600
    },
    "rotated": false,
    "capInsets": [
      0,
      0,
      0,
      0
    ],
    "vertices": {
      "rawPosition": [
        -133.5,
        -251.5,
        0,
        133.5,
        -251.5,
        0,
        -133.5,
        251.5,
        0,
        133.5,
        251.5,
        0
      ],
      "indexes": [
        0,
        1,
        2,
        2,
        1,
        3
      ],
      "uv": [
        157,
        533,
        424,
        533,
        157,
        30,
        424,
        30
      ],
      "nuv": [
        0.26166666666666666,
        0.05,
        0.7066666666666667,
        0.05,
        0.26166666666666666,
        0.8883333333333333,
        0.7066666666666667,
        0.8883333333333333
      ],
      "minPos": {
        "x": -133.5,
        "y": -251.5,
        "z": 0
      },
      "maxPos": {
        "x": 133.5,
        "y": 251.5,
        "z": 0
      }
    },
    "texture": "04d261f0-b7e4-4691-9706-d44dfd3602cf@6c48a",
    "packable": true,
    "pixelsToUnit": 100,
    "pivot": {
      "x": 0.5,
      "y": 0.5
    },
    "meshType": 0
  }
}