{
  "__type__": "cc.SpriteFrame",
  "content": {
    "name": "Shot_001",
    "atlas": "",
    "rect": {
      "x": 168,
      "y": 67,
      "width": 381,
      "height": 502
    },
    "offset": {
      "x": 58.5,
      "y": -18
    },
    "originalSize": {
      "width": 600,
      "height": 600
    },
    "rotated": false,
    "capInsets": [
      0,
      0,
      0,
      0
    ],
    "vertices": {
      "rawPosition": [
        -190.5,
        -251,
        0,
        190.5,
        -251,
        0,
        -190.5,
        251,
        0,
        190.5,
        251,
        0
      ],
      "indexes": [
        0,
        1,
        2,
        2,
        1,
        3
      ],
      "uv": [
        168,
        533,
        549,
        533,
        168,
        31,
        549,
        31
      ],
      "nuv": [
        0.28,
        0.051666666666666666,
        0.915,
        0.051666666666666666,
        0.28,
        0.8883333333333333,
        0.915,
        0.8883333333333333
      ],
      "minPos": {
        "x": -190.5,
        "y": -251,
        "z": 0
      },
      "maxPos": {
        "x": 190.5,
        "y": 251,
        "z": 0
      }
    },
    "texture": "d262788b-0f6e-4dc7-b6dc-f476405979c8@6c48a",
    "packable": true,
    "pixelsToUnit": 100,
    "pivot": {
      "x": 0.5,
      "y": 0.5
    },
    "meshType": 0
  }
}