{
  "__type__": "cc.SpriteFrame",
  "content": {
    "name": "RunWithGun_001",
    "atlas": "",
    "rect": {
      "x": 178,
      "y": 64,
      "width": 346,
      "height": 502
    },
    "offset": {
      "x": 51,
      "y": -15
    },
    "originalSize": {
      "width": 600,
      "height": 600
    },
    "rotated": false,
    "capInsets": [
      0,
      0,
      0,
      0
    ],
    "vertices": {
      "rawPosition": [
        -173,
        -251,
        0,
        173,
        -251,
        0,
        -173,
        251,
        0,
        173,
        251,
        0
      ],
      "indexes": [
        0,
        1,
        2,
        2,
        1,
        3
      ],
      "uv": [
        178,
        536,
        524,
        536,
        178,
        34,
        524,
        34
      ],
      "nuv": [
        0.2966666666666667,
        0.056666666666666664,
        0.8733333333333333,
        0.056666666666666664,
        0.2966666666666667,
        0.8933333333333333,
        0.8733333333333333,
        0.8933333333333333
      ],
      "minPos": {
        "x": -173,
        "y": -251,
        "z": 0
      },
      "maxPos": {
        "x": 173,
        "y": 251,
        "z": 0
      }
    },
    "texture": "48c2ed30-e84f-4108-9696-292ba54fb0f9@6c48a",
    "packable": true,
    "pixelsToUnit": 100,
    "pivot": {
      "x": 0.5,
      "y": 0.5
    },
    "meshType": 0
  }
}