{
  "__type__": "cc.SpriteFrame",
  "content": {
    "name": "Idle_000",
    "atlas": "",
    "rect": {
      "x": 157,
      "y": 69,
      "width": 264,
      "height": 501
    },
    "offset": {
      "x": -11,
      "y": -19.5
    },
    "originalSize": {
      "width": 600,
      "height": 600
    },
    "rotated": false,
    "capInsets": [
      0,
      0,
      0,
      0
    ],
    "vertices": {
      "rawPosition": [
        -132,
        -250.5,
        0,
        132,
        -250.5,
        0,
        -132,
        250.5,
        0,
        132,
        250.5,
        0
      ],
      "indexes": [
        0,
        1,
        2,
        2,
        1,
        3
      ],
      "uv": [
        157,
        531,
        421,
        531,
        157,
        30,
        421,
        30
      ],
      "nuv": [
        0.26166666666666666,
        0.05,
        0.7016666666666667,
        0.05,
        0.26166666666666666,
        0.885,
        0.7016666666666667,
        0.885
      ],
      "minPos": {
        "x": -132,
        "y": -250.5,
        "z": 0
      },
      "maxPos": {
        "x": 132,
        "y": 250.5,
        "z": 0
      }
    },
    "texture": "3428f09d-e950-4c1f-9041-ba7641946d06@6c48a",
    "packable": true,
    "pixelsToUnit": 100,
    "pivot": {
      "x": 0.5,
      "y": 0.5
    },
    "meshType": 0
  }
}