{
  "__type__": "cc.SpriteFrame",
  "content": {
    "name": "RunWithGun_003",
    "atlas": "",
    "rect": {
      "x": 200,
      "y": 55,
      "width": 325,
      "height": 510
    },
    "offset": {
      "x": 62.5,
      "y": -10
    },
    "originalSize": {
      "width": 600,
      "height": 600
    },
    "rotated": false,
    "capInsets": [
      0,
      0,
      0,
      0
    ],
    "vertices": {
      "rawPosition": [
        -162.5,
        -255,
        0,
        162.5,
        -255,
        0,
        -162.5,
        255,
        0,
        162.5,
        255,
        0
      ],
      "indexes": [
        0,
        1,
        2,
        2,
        1,
        3
      ],
      "uv": [
        200,
        545,
        525,
        545,
        200,
        35,
        525,
        35
      ],
      "nuv": [
        0.3333333333333333,
        0.058333333333333334,
        0.875,
        0.058333333333333334,
        0.3333333333333333,
        0.9083333333333333,
        0.875,
        0.9083333333333333
      ],
      "minPos": {
        "x": -162.5,
        "y": -255,
        "z": 0
      },
      "maxPos": {
        "x": 162.5,
        "y": 255,
        "z": 0
      }
    },
    "texture": "38a24ac8-7ef8-474f-ae9e-21f3b8f8cb4e@6c48a",
    "packable": true,
    "pixelsToUnit": 100,
    "pivot": {
      "x": 0.5,
      "y": 0.5
    },
    "meshType": 0
  }
}