{
  "__type__": "cc.SpriteFrame",
  "content": {
    "name": "Shot_000",
    "atlas": "",
    "rect": {
      "x": 171,
      "y": 68,
      "width": 310,
      "height": 501
    },
    "offset": {
      "x": 26,
      "y": -18.5
    },
    "originalSize": {
      "width": 600,
      "height": 600
    },
    "rotated": false,
    "capInsets": [
      0,
      0,
      0,
      0
    ],
    "vertices": {
      "rawPosition": [
        -155,
        -250.5,
        0,
        155,
        -250.5,
        0,
        -155,
        250.5,
        0,
        155,
        250.5,
        0
      ],
      "indexes": [
        0,
        1,
        2,
        2,
        1,
        3
      ],
      "uv": [
        171,
        532,
        481,
        532,
        171,
        31,
        481,
        31
      ],
      "nuv": [
        0.285,
        0.051666666666666666,
        0.8016666666666666,
        0.051666666666666666,
        0.285,
        0.8866666666666667,
        0.8016666666666666,
        0.8866666666666667
      ],
      "minPos": {
        "x": -155,
        "y": -250.5,
        "z": 0
      },
      "maxPos": {
        "x": 155,
        "y": 250.5,
        "z": 0
      }
    },
    "texture": "fc1f7676-6d15-453f-a37a-1b131106222d@6c48a",
    "packable": true,
    "pixelsToUnit": 100,
    "pivot": {
      "x": 0.5,
      "y": 0.5
    },
    "meshType": 0
  }
}