{
  "__type__": "cc.SpriteFrame",
  "content": {
    "name": "RunWithGun_000",
    "atlas": "",
    "rect": {
      "x": 164,
      "y": 68,
      "width": 359,
      "height": 488
    },
    "offset": {
      "x": 43.5,
      "y": -12
    },
    "originalSize": {
      "width": 600,
      "height": 600
    },
    "rotated": false,
    "capInsets": [
      0,
      0,
      0,
      0
    ],
    "vertices": {
      "rawPosition": [
        -179.5,
        -244,
        0,
        179.5,
        -244,
        0,
        -179.5,
        244,
        0,
        179.5,
        244,
        0
      ],
      "indexes": [
        0,
        1,
        2,
        2,
        1,
        3
      ],
      "uv": [
        164,
        532,
        523,
        532,
        164,
        44,
        523,
        44
      ],
      "nuv": [
        0.2733333333333333,
        0.07333333333333333,
        0.8716666666666667,
        0.07333333333333333,
        0.2733333333333333,
        0.8866666666666667,
        0.8716666666666667,
        0.8866666666666667
      ],
      "minPos": {
        "x": -179.5,
        "y": -244,
        "z": 0
      },
      "maxPos": {
        "x": 179.5,
        "y": 244,
        "z": 0
      }
    },
    "texture": "fd85282b-f973-4ed5-baad-780eda065835@6c48a",
    "packable": true,
    "pixelsToUnit": 100,
    "pivot": {
      "x": 0.5,
      "y": 0.5
    },
    "meshType": 0
  }
}