{
  "__type__": "cc.SpriteFrame",
  "content": {
    "name": "RunWithGun_002",
    "atlas": "",
    "rect": {
      "x": 198,
      "y": 59,
      "width": 326,
      "height": 506
    },
    "offset": {
      "x": 61,
      "y": -12
    },
    "originalSize": {
      "width": 600,
      "height": 600
    },
    "rotated": false,
    "capInsets": [
      0,
      0,
      0,
      0
    ],
    "vertices": {
      "rawPosition": [
        -163,
        -253,
        0,
        163,
        -253,
        0,
        -163,
        253,
        0,
        163,
        253,
        0
      ],
      "indexes": [
        0,
        1,
        2,
        2,
        1,
        3
      ],
      "uv": [
        198,
        541,
        524,
        541,
        198,
        35,
        524,
        35
      ],
      "nuv": [
        0.33,
        0.058333333333333334,
        0.8733333333333333,
        0.058333333333333334,
        0.33,
        0.9016666666666666,
        0.8733333333333333,
        0.9016666666666666
      ],
      "minPos": {
        "x": -163,
        "y": -253,
        "z": 0
      },
      "maxPos": {
        "x": 163,
        "y": 253,
        "z": 0
      }
    },
    "texture": "2cf7f2ae-4ccf-44f9-940a-363338f5c6e3@6c48a",
    "packable": true,
    "pixelsToUnit": 100,
    "pivot": {
      "x": 0.5,
      "y": 0.5
    },
    "meshType": 0
  }
}