{
  "__type__": "cc.SpriteFrame",
  "content": {
    "name": "RunWithGun_005",
    "atlas": "",
    "rect": {
      "x": 188,
      "y": 64,
      "width": 337,
      "height": 498
    },
    "offset": {
      "x": 56.5,
      "y": -13
    },
    "originalSize": {
      "width": 600,
      "height": 600
    },
    "rotated": false,
    "capInsets": [
      0,
      0,
      0,
      0
    ],
    "vertices": {
      "rawPosition": [
        -168.5,
        -249,
        0,
        168.5,
        -249,
        0,
        -168.5,
        249,
        0,
        168.5,
        249,
        0
      ],
      "indexes": [
        0,
        1,
        2,
        2,
        1,
        3
      ],
      "uv": [
        188,
        536,
        525,
        536,
        188,
        38,
        525,
        38
      ],
      "nuv": [
        0.31333333333333335,
        0.06333333333333334,
        0.875,
        0.06333333333333334,
        0.31333333333333335,
        0.8933333333333333,
        0.875,
        0.8933333333333333
      ],
      "minPos": {
        "x": -168.5,
        "y": -249,
        "z": 0
      },
      "maxPos": {
        "x": 168.5,
        "y": 249,
        "z": 0
      }
    },
    "texture": "de86eccf-927e-4759-af4f-369b81ff3c3b@6c48a",
    "packable": true,
    "pixelsToUnit": 100,
    "pivot": {
      "x": 0.5,
      "y": 0.5
    },
    "meshType": 0
  }
}