{
  "__type__": "cc.SpriteFrame",
  "content": {
    "name": "Idle_008",
    "atlas": "",
    "rect": {
      "x": 157,
      "y": 61,
      "width": 274,
      "height": 508
    },
    "offset": {
      "x": -6,
      "y": -15
    },
    "originalSize": {
      "width": 600,
      "height": 600
    },
    "rotated": false,
    "capInsets": [
      0,
      0,
      0,
      0
    ],
    "vertices": {
      "rawPosition": [
        -137,
        -254,
        0,
        137,
        -254,
        0,
        -137,
        254,
        0,
        137,
        254,
        0
      ],
      "indexes": [
        0,
        1,
        2,
        2,
        1,
        3
      ],
      "uv": [
        157,
        539,
        431,
        539,
        157,
        31,
        431,
        31
      ],
      "nuv": [
        0.26166666666666666,
        0.051666666666666666,
        0.7183333333333334,
        0.051666666666666666,
        0.26166666666666666,
        0.8983333333333333,
        0.7183333333333334,
        0.8983333333333333
      ],
      "minPos": {
        "x": -137,
        "y": -254,
        "z": 0
      },
      "maxPos": {
        "x": 137,
        "y": 254,
        "z": 0
      }
    },
    "texture": "7745a9ed-7cf2-43bf-92a9-a31053ac4555@6c48a",
    "packable": true,
    "pixelsToUnit": 100,
    "pivot": {
      "x": 0.5,
      "y": 0.5
    },
    "meshType": 0
  }
}