{
  "__type__": "cc.SpriteFrame",
  "content": {
    "name": "RunWithGun_007",
    "atlas": "",
    "rect": {
      "x": 200,
      "y": 62,
      "width": 325,
      "height": 515
    },
    "offset": {
      "x": 62.5,
      "y": -19.5
    },
    "originalSize": {
      "width": 600,
      "height": 600
    },
    "rotated": false,
    "capInsets": [
      0,
      0,
      0,
      0
    ],
    "vertices": {
      "rawPosition": [
        -162.5,
        -257.5,
        0,
        162.5,
        -257.5,
        0,
        -162.5,
        257.5,
        0,
        162.5,
        257.5,
        0
      ],
      "indexes": [
        0,
        1,
        2,
        2,
        1,
        3
      ],
      "uv": [
        200,
        538,
        525,
        538,
        200,
        23,
        525,
        23
      ],
      "nuv": [
        0.3333333333333333,
        0.03833333333333333,
        0.875,
        0.03833333333333333,
        0.3333333333333333,
        0.8966666666666666,
        0.875,
        0.8966666666666666
      ],
      "minPos": {
        "x": -162.5,
        "y": -257.5,
        "z": 0
      },
      "maxPos": {
        "x": 162.5,
        "y": 257.5,
        "z": 0
      }
    },
    "texture": "2e83de13-bf33-4994-a257-c560d60c59e6@6c48a",
    "packable": true,
    "pixelsToUnit": 100,
    "pivot": {
      "x": 0.5,
      "y": 0.5
    },
    "meshType": 0
  }
}