{
  "__type__": "cc.SpriteFrame",
  "content": {
    "name": "RunWithGun_006",
    "atlas": "",
    "rect": {
      "x": 172,
      "y": 69,
      "width": 353,
      "height": 478
    },
    "offset": {
      "x": 48.5,
      "y": -8
    },
    "originalSize": {
      "width": 600,
      "height": 600
    },
    "rotated": false,
    "capInsets": [
      0,
      0,
      0,
      0
    ],
    "vertices": {
      "rawPosition": [
        -176.5,
        -239,
        0,
        176.5,
        -239,
        0,
        -176.5,
        239,
        0,
        176.5,
        239,
        0
      ],
      "indexes": [
        0,
        1,
        2,
        2,
        1,
        3
      ],
      "uv": [
        172,
        531,
        525,
        531,
        172,
        53,
        525,
        53
      ],
      "nuv": [
        0.2866666666666667,
        0.08833333333333333,
        0.875,
        0.08833333333333333,
        0.2866666666666667,
        0.885,
        0.875,
        0.885
      ],
      "minPos": {
        "x": -176.5,
        "y": -239,
        "z": 0
      },
      "maxPos": {
        "x": 176.5,
        "y": 239,
        "z": 0
      }
    },
    "texture": "cbd262d7-d7bf-4947-950d-1e26135505f9@6c48a",
    "packable": true,
    "pixelsToUnit": 100,
    "pivot": {
      "x": 0.5,
      "y": 0.5
    },
    "meshType": 0
  }
}