{
  "__type__": "cc.SpriteFrame",
  "content": {
    "name": "Shot_002",
    "atlas": "",
    "rect": {
      "x": 169,
      "y": 67,
      "width": 355,
      "height": 502
    },
    "offset": {
      "x": 46.5,
      "y": -18
    },
    "originalSize": {
      "width": 600,
      "height": 600
    },
    "rotated": false,
    "capInsets": [
      0,
      0,
      0,
      0
    ],
    "vertices": {
      "rawPosition": [
        -177.5,
        -251,
        0,
        177.5,
        -251,
        0,
        -177.5,
        251,
        0,
        177.5,
        251,
        0
      ],
      "indexes": [
        0,
        1,
        2,
        2,
        1,
        3
      ],
      "uv": [
        169,
        533,
        524,
        533,
        169,
        31,
        524,
        31
      ],
      "nuv": [
        0.2816666666666667,
        0.051666666666666666,
        0.8733333333333333,
        0.051666666666666666,
        0.2816666666666667,
        0.8883333333333333,
        0.8733333333333333,
        0.8883333333333333
      ],
      "minPos": {
        "x": -177.5,
        "y": -251,
        "z": 0
      },
      "maxPos": {
        "x": 177.5,
        "y": 251,
        "z": 0
      }
    },
    "texture": "cbee24d6-18b0-4007-9e2a-60dc960e79eb@6c48a",
    "packable": true,
    "pixelsToUnit": 100,
    "pivot": {
      "x": 0.5,
      "y": 0.5
    },
    "meshType": 0
  }
}