{
  "__type__": "cc.SpriteFrame",
  "content": {
    "name": "Shot_004",
    "atlas": "",
    "rect": {
      "x": 171,
      "y": 67,
      "width": 307,
      "height": 502
    },
    "offset": {
      "x": 24.5,
      "y": -18
    },
    "originalSize": {
      "width": 600,
      "height": 600
    },
    "rotated": false,
    "capInsets": [
      0,
      0,
      0,
      0
    ],
    "vertices": {
      "rawPosition": [
        -153.5,
        -251,
        0,
        153.5,
        -251,
        0,
        -153.5,
        251,
        0,
        153.5,
        251,
        0
      ],
      "indexes": [
        0,
        1,
        2,
        2,
        1,
        3
      ],
      "uv": [
        171,
        533,
        478,
        533,
        171,
        31,
        478,
        31
      ],
      "nuv": [
        0.285,
        0.051666666666666666,
        0.7966666666666666,
        0.051666666666666666,
        0.285,
        0.8883333333333333,
        0.7966666666666666,
        0.8883333333333333
      ],
      "minPos": {
        "x": -153.5,
        "y": -251,
        "z": 0
      },
      "maxPos": {
        "x": 153.5,
        "y": 251,
        "z": 0
      }
    },
    "texture": "8778c299-9a53-415b-b185-35f240ac023e@6c48a",
    "packable": true,
    "pixelsToUnit": 100,
    "pivot": {
      "x": 0.5,
      "y": 0.5
    },
    "meshType": 0
  }
}