{
  "__type__": "cc.SpriteFrame",
  "content": {
    "name": "RunWithGun_008",
    "atlas": "",
    "rect": {
      "x": 198,
      "y": 64,
      "width": 326,
      "height": 507
    },
    "offset": {
      "x": 61,
      "y": -17.5
    },
    "originalSize": {
      "width": 600,
      "height": 600
    },
    "rotated": false,
    "capInsets": [
      0,
      0,
      0,
      0
    ],
    "vertices": {
      "rawPosition": [
        -163,
        -253.5,
        0,
        163,
        -253.5,
        0,
        -163,
        253.5,
        0,
        163,
        253.5,
        0
      ],
      "indexes": [
        0,
        1,
        2,
        2,
        1,
        3
      ],
      "uv": [
        198,
        536,
        524,
        536,
        198,
        29,
        524,
        29
      ],
      "nuv": [
        0.33,
        0.04833333333333333,
        0.8733333333333333,
        0.04833333333333333,
        0.33,
        0.8933333333333333,
        0.8733333333333333,
        0.8933333333333333
      ],
      "minPos": {
        "x": -163,
        "y": -253.5,
        "z": 0
      },
      "maxPos": {
        "x": 163,
        "y": 253.5,
        "z": 0
      }
    },
    "texture": "adc0bd2d-03d5-4e9a-89c9-903fd320968d@6c48a",
    "packable": true,
    "pixelsToUnit": 100,
    "pivot": {
      "x": 0.5,
      "y": 0.5
    },
    "meshType": 0
  }
}