{
  "__type__": "cc.SpriteFrame",
  "content": {
    "name": "Idle_003",
    "atlas": "",
    "rect": {
      "x": 157,
      "y": 63,
      "width": 272,
      "height": 506
    },
    "offset": {
      "x": -7,
      "y": -16
    },
    "originalSize": {
      "width": 600,
      "height": 600
    },
    "rotated": false,
    "capInsets": [
      0,
      0,
      0,
      0
    ],
    "vertices": {
      "rawPosition": [
        -136,
        -253,
        0,
        136,
        -253,
        0,
        -136,
        253,
        0,
        136,
        253,
        0
      ],
      "indexes": [
        0,
        1,
        2,
        2,
        1,
        3
      ],
      "uv": [
        157,
        537,
        429,
        537,
        157,
        31,
        429,
        31
      ],
      "nuv": [
        0.26166666666666666,
        0.051666666666666666,
        0.715,
        0.051666666666666666,
        0.26166666666666666,
        0.895,
        0.715,
        0.895
      ],
      "minPos": {
        "x": -136,
        "y": -253,
        "z": 0
      },
      "maxPos": {
        "x": 136,
        "y": 253,
        "z": 0
      }
    },
    "texture": "9f6d6eed-6d58-4ed9-96b1-da26bbbaf8f4@6c48a",
    "packable": true,
    "pixelsToUnit": 100,
    "pivot": {
      "x": 0.5,
      "y": 0.5
    },
    "meshType": 0
  }
}