{
  "__type__": "cc.SpriteFrame",
  "content": {
    "name": "RunWithGun_009",
    "atlas": "",
    "rect": {
      "x": 171,
      "y": 66,
      "width": 353,
      "height": 500
    },
    "offset": {
      "x": 47.5,
      "y": -16
    },
    "originalSize": {
      "width": 600,
      "height": 600
    },
    "rotated": false,
    "capInsets": [
      0,
      0,
      0,
      0
    ],
    "vertices": {
      "rawPosition": [
        -176.5,
        -250,
        0,
        176.5,
        -250,
        0,
        -176.5,
        250,
        0,
        176.5,
        250,
        0
      ],
      "indexes": [
        0,
        1,
        2,
        2,
        1,
        3
      ],
      "uv": [
        171,
        534,
        524,
        534,
        171,
        34,
        524,
        34
      ],
      "nuv": [
        0.285,
        0.056666666666666664,
        0.8733333333333333,
        0.056666666666666664,
        0.285,
        0.89,
        0.8733333333333333,
        0.89
      ],
      "minPos": {
        "x": -176.5,
        "y": -250,
        "z": 0
      },
      "maxPos": {
        "x": 176.5,
        "y": 250,
        "z": 0
      }
    },
    "texture": "c2a2a6f8-262d-4e65-a629-486b71c40416@6c48a",
    "packable": true,
    "pixelsToUnit": 100,
    "pivot": {
      "x": 0.5,
      "y": 0.5
    },
    "meshType": 0
  }
}